Remote-friendly companies A list of semi to fully remote-friendly companies in or around tech. Contributions are very welcome! Please review our contributing guidelines and then submit a new entry or update. Companies Name | Website | Region ------------ | ------- | ------- 10up | https://10up.com/ | Worldwide 15Five | https://www.15five.com | Europe, Americas 18F | https://18f.gsa.gov/ | USA 1Password | https://www.1password.com | North America, UK 37signals | https://37signals.com | Worldwide 3Blocks | https://3blocks.io/ | Worldwide 42 Technologies | https://www.42technologies.com/ | Worldwide 90 Seconds | https://90seconds.com/ | Worldwide A-1 Auto Transport | https://www.a1autotransport.com | Worldwide abiturma | https://www.abiturma.de/ | Germany Ably | https://www.ably.io/ | Europe Abstract API | https://www.abstractapi.com | Worldwide Acivilate | https://acivilate.com/ | USA Acquia | https://www.acquia.com/ | Worldwide ActiveCampaign | https://www.activecampaign.com/ | Dublin, Ireland; USA Ad Hoc | https://www.adhocteam.us/ | USA Adaface | https://www.adaface.com | Asia AddStructure| https://www.bazaarvoice.com/ | USA Adeva | https://adevait.com/ | Asia, Africa, Europe, South America, United States Adzuna | https://www.adzuna.co.uk/ | Worldwide AE Studio | https://ae.studio/ | USA, BR Aerolab | https://aerolab.co/ | Latin America Aerostrat | https://aerostratsoftware.com/ | USA AgFlow | https://www.agflow.com | Europe Aha! | https://www.aha.io | North America, South America, United Kingdom, Ireland, Australia, South Africa Aiir | https://aiir.com/ | USA, UK Aim India | https://www.aimincorp.com/ | India Airbyte| https://airbyte.com/ | Europe, North America, Latin America AirGarage | https://www.airgarage.com/ | USA AirTreks | https://www.airtreks.com/ | USA Aivitex | https://aivitex.com/ | Germany Akamai | https://www.akamai.com/ | USA, India Akka | https://akka.io/ | Worldwide Alami | https://alamisharia.co.id/en/ | Indonesia Alan | https://alan.com/ | Europe Algorand | https://www.algorand.com/ | USA Algorithmia | https://algorithmia.com/ | North America ALICE | https://aliceplatform.com | Worldwide Alight Solutions | https://alight.com | Worldwide Alley | https://alley.co | USA, Canada, Western Europe allyDVM | https://www.allydvm.com/ | USA AlphaSights | https://engineering.alphasights.com | USA, UK, EST, GMT Amazon | https://www.amazon.jobs/en/locations/virtual-locations | Worldwide Ambaum | https://ambaum.com/ | USA, Europe Andela | https://andela.com/ | Worldwide Animalz | https://www.animalz.co | USA Annertech | https://www.annertech.com | Ireland Anomali | https://www.anomali.com/company/careers | USA, UK, Singapore apartment therapy | http://www.apartmenttherapy.com/ | USA Appcues | https://www.appcues.com/ | Worldwide Appen | https://www.appen.com/ | North America, Europe, Asia, Australia Appinio | https://appinio.com/ | Europe Applaudo | https://applaudostudios.com | Worldwide Applied AI Company AAICO | https://www.aaico.com/ | Worldwide Appstractor Corporation | https://www.appstractor.com/ | USA, UK, Israel Appwrite | https://appwrite.io | Worldwide Argyle | https://argyle.com/ | Worldwide ARK | https://www.ark.io/careers | Worldwide Arkency | https://arkency.com/ | Worldwide Art & Logic | https://artandlogic.com | USA, Canada Artefactual Systems | https://www.artefactual.com | UTC-8 to UTC+2 Articulate | https://www.articulate.com | Worldwide Asana | https://asana.com/ | Worldwide Astronomer | https://www.astronomer.io/ | USA and India Atento | https://atento.gupy.io | Brazil, Mexico and EMEA Atlassian | https://www.atlassian.com/ | USA, Europe, Asia, Australia AtoZDebug | https://atozdebug.com/ | Worldwide Audiense | https://www.audiense.com/ | Worldwide Aula Education | https://aula.education/ | Worldwide Auth0 | https://auth0.com/ | Worldwide Automattic | https://automattic.com/ | Worldwide Axelerant | https://axelerant.com/ | Worldwide Axios | https://axios.com/ | USA Bairesdev | https://bairesdev.com/ | Worldwide Balena | https://www.balena.io/ | Worldwide Balsamiq | https://balsamiq.com/ | Worldwide Bandcamp | https://bandcamp.com/ | Worldwide BandLab | https://bandlab.com/ | Worldwide Bandzoogle | https://bandzoogle.com/ | Worldwide Baremetrics | https://baremetrics.com/ | Worldwide Basecamp | https://basecamp.com/ | Worldwide Bear Group | https://www.beargroup.com/ | USA BeBanjo | https://bebanjo.com/ | Worldwide BeenVerified | https://www.beenverified.com/ | Worldwide Best Practical Solutions | https://bestpractical.com/ | Worldwide Betable | https://corp.betable.com/ | USA, Europe BetaPeak | https://betapeak.com/ | Worldwide BetterUp | https://www.betterup.com/ | USA Beyond Company | https://beyondcompany.com.br/ | Brazil BeyondPricing | https://beyondpricing.com | USA, Europe BharatPe | https://www.bharatpe.com | India Big Cartel | https://www.bigcartel.com | USA Bill | https://www.bill.com/ | USA bilstein group | https://bilsteingroup.com/en/ | Germany, UK, Portugal, Serbia Bit Zesty | https://bitzesty.com/ | Worldwide Bitnami | https://bitnami.com/ | Worldwide Bitovi | https://bitovi.com/ | Worldwide Bizink | https://bizinkonline.com | Worldwide Blameless | https://www.blameless.com/ | North America Bloc | https://www.bloc.io/ | North America BlueCat Networks | https://bluecatnetworks.com/ | North America Bluespark | https://www.bluespark.com/ | USA Boldare | https://boldare.com | Worldwide Bonsai | https://www.hellobonsai.com | Worldwide Bounteous | https://bounteous.com | Worldwide Brainstorm Force | https://brainstormforce.com/ | Worldwide Bright Funds | https://www.brightfunds.org | USA Brikl | https://www.brikl.com/ | North America, Asia BriteCore | https://britecore.com/ | USA, Worldwide Broadwing | https://www.broadwing.io/ | Worldwide Buffer | https://buffer.com/ | Worldwide Bugfender | https://bugfender.com/ | Worldwide BuySellAds | https://www.buysellads.com/ | Worldwide Cabify | https://cabify.com/ | Spain Calamari | https://calamari.io/ | Poland Calibre | https://calibreapp.com/ | Worldwide CANCOM | https://www.cancom.com/ | Germany, Austria, Slovakia Canonical | https://www.canonical.com/ | Worldwide Capchase | https://www.capchase.com/ | Worldwide Capgemini | https://www.capgemini.com/us-en/ | Worldwide Capital One | https://www.capitalonecareers.com/tech | USA Capital Placement | https://capital-placement.com | Worldwide Capmo | https://www.capmo.com/en | CET -4 / CET +4 Carbon Black | https://www.carbonblack.com/ | USA Cards Against Humanity | https://cardsagainsthumanity.com/ | USA CareCru | https://carecru.com | Worldwide CareMessage | https://caremessage.org/careers/ | Worldwide Carmatec | https://www.carmatec.com/ | USA, India CartoDB | https://cartodb.com/ | Worldwide CartStack | https://www.cartstack.com/ | Worldwide Casumo | https://www.casumo.com/ | Europe ChainLink Labs | https://chainlinklabs.com/ | USA Chargify | https://www.chargify.com/ | USA charity: water | https://www.charitywater.org/ | USA ChatGen | https://chatgen.ai/ | India, USA Checkly | https://www.checklyhq.com | Europe CET -3 / CET +3 Chef | https://www.chef.io/ | USA, UK ChefsClub | https://www.chefsclub.com.br/ | Brazil Chess | https://www.chess.com/jobs/ | Worldwide Chroma | https://hichroma.com/ | Worldwide CircleCI | https://circleci.com/ | Worldwide Circonus | https://circonus.com/ | USA CivicActions | https://civicactions.com/ | Worldwide Civo | https://www.civo.com | Worldwide Clevertech | https://clevertech.biz/ | Worldwide ClickUp | https://clickup.com/ | Worldwide Clootrack | https://www.clootrack.com/ | India Close | https://close.com | Worldwide CloudApp | https://getcloudapp.com | North America CloudEra | https://www.cloudera.com | Worldwide CloudLinux | https://www.cloudlinux.com/ | Worldwide Coalition Technologies | https://coalitiontechnologies.com/ | Worldwide Code B Solutions | https://code-b.dev/ | Worldwide Code Like a Girl | https://codelikeagirl.com | Australia Codea IT | https://www.codeait.com | Worldwide CodePen | https://codepen.io | Worldwide CodeSandbox | https://codesandbox.io | Worldwide Codeship | https://codeship.com/ | Worldwide CodingCops | https://codingcops.com/ | USA Cofense | https://cofense.com | USA Coforma | https://coforma.io | USA Cognizant | https://www.cognizant.com/in/en | Worldwide Coinbase | https://www.coinbase.com | Worldwide Coingape | https://coingape.com/ | India Collabora | https://www.collabora.com/ | Worldwide Comet | https://www.comet.co/ | France Compose | https://www.compose.io/ | Worldwide Compucorp | https://www.compuco.io | Worldwide Connexa | https://www.connexa.com/ | Worldwide ConsenSys | https://consensys.net/ | Worldwide Consumer Financial Protection Bureau | https://www.consumerfinance.gov | USA Continu | https://www.continu.co/ | USA Conversio | https://conversio.com/ | Worldwide Convert | https://www.convert.com | Worldwide Coodesh | https://coodesh.com/ | Brazil Core-Apps | https://www.core-apps.com/ | USA CoreOS | https://coreos.com/ | USA Corgibytes | https://corgibytes.com | USA East Coast Cosmic Chimps | https://www.cosmic-chimps.com/ | Spain, México Coursera | https://www.coursera.org/ | USA, Canada CrateDB | https://cratedb.com | Europe CrazyGames | https://www.crazygames.com | Worldwide Crossover | https://www.crossover.com | Worldwide Crowdstrike | https://www.crowdstrike.com | Worldwide CrowdTangle | https://crowdtangle.com | USA Cueup | https://cueup.io/ | Worldwide Customer.io | https://customer.io | Worldwide Cuvette | https://cuvette.tech | Worldwide CVS Health | https://jobs.cvshealth.com/ | USA CWT | https://www.mycwt.com/ | Worldwide Cyber Whale | https://cyberwhale.tech | Europe Daktronics | https://www.daktronics.com/en-us | US DappRadar | https://dappradar.com/ | Worldwide DareCode | https://darecode.com/ | Europe DashboardHub | https://dashboardhub.io | Worldwide Dashlane | https://dashlane.com | Worldwide Data Science Brigade | https://dsbrigade.com/ | Worldwide Data Science Dojo | https://datasciencedojo.com/ | Worldwide DataCamp | https://www.datacamp.com/ | Europe or comparable timezone Datadog | https://www.datadoghq.com/ | Worldwide restricted locations DataStax | https://www.datastax.com/ | Worldwide Datica | https://datica.com/ | USA Dave | https://dave.com/ | USA DealDash | http://www.dealdash.com | Worldwide Deel | http://www.deel.com/ | Worldwide Delighted| https://delighted.com | Worldwide Designcode | https://designcode.io/ | Worldwide Deskpass | https://www.deskpass.com | Worldwide Dev Spotlight | https://www.devspotlight.com | Worldwide Devsquad | https://devsquad.com | Worldwide Dgraph | https://dgraph.io/ | Americas DigitalOcean | https://www.digitalocean.com/ | Worldwide Discord | https://discord.com/ | USA Discourse | https://www.discourse.org/ | Worldwide DNSimple | https://dnsimple.com/ | Worldwide Docker | https://www.docker.com | USA Doist | https://doist.com | Worldwide Doit | https://doit.com | Worldwide Dow Jones | https://www.dowjones.com/ | USA DroneDeploy | https://www.dronedeploy.com/ | Worldwide Dropbox | https://www.dropbox.com/ | Europe, North America Drupal Jedi | https://drupaljedi.com/ | Worldwide DuckDuckGo | https://duckduckgo.com/ | Worldwide DynaPictures | https://dynapictures.com/ | Worldwide EarthOfDrones | https://earthofdrones.com/ | Worldwide EatStreet | https://eatstreet.com/ | USA EBSCO Information Services | https://www.ebsco.com | USA Ebury | https://ebury.com/ | Worldwide Eco-Mind | https://eco-mind.eu/ | Italy Ecosmic | https://ecosmic.space/ | Italy Edgar | https://meetedgar.com/ | USA, Canada Edify | https://edify.cr/ | Worldwide Elastic | https://www.elastic.co/ | Worldwide Elsewhen | https://www.elsewhen.com/ | UK Embraer | https://embraer.com/ | Brazil Emsisoft | https://www.emsisoft.com/ | Worldwide Encora | https://careers.encora.com/ | Worldwide EngineYard Support Team | https://www.engineyard.com/ | Worldwide Enjoei | https://www.enjoei.com.br/ | Brazil Enok | https://www.enok.co/ | USA Entrision | https://entrision.com/ | USA Envato | https://envato.com/ | Worldwide Envoy | https://envoy.com/ | USA, Canada, Colombia Epam | https://epam.com/ | Worldwide Epic Games | https://www.epicgames.com/site/en-US/careers | Worldwide Epilocal | https://www.epilocal.com/ | Worldwide Episource | https://episource.com | USA Epsy Health | https://epsyhealth.com/ | Worldwide Equal Experts Portugal | https://www.equalexperts.com/contact-us/lisbon/ | Europe Ergeon | https://www.ergeon.com/ | Worldwide Estately | https://www.estately.com/ | USA Etch | https://etch.co | UK, Europe Etsy | https://www.etsy.com/ | Worldwide EVELO | https://evelo.com | USA Evil Martians | https://evilmartians.com/ | Worldwide Evrone | https://evrone.com/ | Worldwide Exoscale | https://www.exoscale.com | Europe ExportData | https://www.exportdata.io/ | Worldwide Extreme Networks | https://www.extremenetworks.com/ | Worldwide Eyeo Adblock Plus | https://eyeo.com/ | Worldwide FactorialHR | https://www.factorialhr.com | Worldwide Fairwinds | https://www.fairwinds.com | North America Faithlife | https://www.faithlife.com/ | USA, Mexico Fastly | https://www.fastly.com/ | Worldwide FATMAP | https://about.fatmap.com/careers | Europe Fauna | https://www.fauna.com/ | Worldwide FDTE | https://fdte.org.br/ | Brazil Fetlife | https://fetlife.com/ | Worldwide FFW Agency | https://ffwagency.com/ | Worldwide Filament Group | https://www.filamentgroup.com/ | USA Findem| https://www.findem.ai/| UTC+ WorldWide Findify | https://findify.io | UTC+2 +\- 2 Fingerprint | https://fingerprint.com | Worldwide Fire Engine Red | https://fire-engine-red.com/ | Worldwide Fireball Labs | https://www.fireballlabs.com | Germany FireHire | https://www.firehire.ai | WorldWide FIS GLOBAL | https://www.fisglobal.com/ | USA, UK, Asia Fiverr | https://www.fiverr.com/ | North America, Asia FivexL | https://fivexl.io | Worldwide Fleetio | https://www.fleetio.com/ | WorldWide Flexera | https://www.flexera.com/ | USA FlightAware | https://flightaware.com | USA Flip | https://flip.id | Indonesia Flowing | https://flowing.it | Italy FlowPath | https://getflowpath.com | USA Fly.io | https://fly.io | Worldwide FMX | https://www.gofmx.com/ | USA Focusnetworks | https://focusnetworks.com.br | Worldwide Foh&Boh | https://fohandboh.com/ | Worldwide folotop | https://folotop.com/ | Worldwide Formidable | https://www.formidable.com/ | USA, Canada, UK, Europe Formstack | https://www.formstack.com/ | Worldwide Four Kitchens | https://fourkitchens.com/ | North America, Latin America Fraudio | https://www.fraudio.com/ | Europe Freeagent | https://www.freeagent.com/ | Worldwide Freeletics | https://www.freeletics.com/ | Germany, Poland, Portugal Friday Finance| https://www.fridayfinance.com/ | Europe, Americas, Africa, Western Asia Fuel Made | https://fuelmade.com/ | Western North America FullFabric | https://fullfabric.com/ | Europe Functionize | https://www.functionize.com/ | Worldwide Fyle | https://www.fylehq.com/ | India Gaggle | https://www.gaggle.net/ | USA Geckoboard | https://www.geckoboard.com | UK General Assembly | https://generalassemb.ly/ | Worldwide GEO Jobe | https://www.geo-jobe.com/ | USA Gerencianet | https://gerencianet.com.br | Brazil GFT | https://www.gft.com/ | Asia, Europe, Latin America, North America Ghost Foundation | https://ghost.org/ | Worldwide Ghost Inspector | https://ghostinspector.com | North America, Latin America, Caribbean Giant | https://giantmade.com | UK Giant Swarm | https://giantswarm.io | Europe GigSalad | https://www.gigsalad.com/ | USA Gitbook | https://www.gitbook.com/ | France GitHub | https://github.com/ | Worldwide GitLab | https://about.gitlab.com/ | Worldwide GitPrime | https://gitprime.com/ | Worldwide Glenn Website Design | https://glennwebsitedesign.com/ | Worldwide Glitch | https://www.glitch.com/ | Worldwide Gluware | https://gluware.com/ | USA, UK GMBapi | https://www.gmbapi.com/ | Worldwide GoDaddy | https://www.godaddy.com/ | Worldwide GoHiring | https://www.gohiring.com/ | Worldwide Gojob | https://gojob.com/ | France GoldFire Agency | https://goldfireagency.com/ | Worldwide Gorman Health Group | https://conveyhealthsolutions.com/ | USA GotSoccer | https://www.gotpro.com/ | USA Grafana Labs | https://grafana.com/ | USA and EMEA/EST Timezones Granicus | https://granicus.com/ | USA, UK, Australia, India Graylog | https://www.graylog.org/ | Worldwide GreenStitch.io | https://greenstitch.io | India Gremlin | https://gremlin.com | USA Gridium | https://gridium.com | USA Groove | https://www.groovehq.com | Worldwide Grou.ps | https://build.gr.ps | Worldwide Grubhub | https://www.grubhub.com/ | USA / Worldwide Gruntwork | https://www.gruntwork.io/ | Worldwide GuideSmiths | https://www.guidesmiths.com/ | Europe Hack Reactor Remote | https://www.hackreactor.com/remote/ | Pacific Time Zone PT Hanzo | https://hanzo.co | USA, UK, Europe Happy Cog | https://happycog.com/ | USA Harvest | https://www.getharvest.com/ | Worldwide Hashex | https://hashex.org/ | US, Asia, Europe HashiCorp | https://www.hashicorp.com/ | USA, CA, UK, DE, FR, NL, AU, JPN HE:labs | https://www.helabs.com | Worldwide Headforwards | https://www.headforwards.com | UK Headway | https://www.headway.io/ | USA Healthfinch | https://www.healthfinch.com/ | USA Heap | https://heapanalytics.com/ | Worldwide Heetch | https://heetch.com/ | Central Europe Time CET +/1h Help Scout | https://www.helpscout.net/ | Worldwide Heroku | https://www.heroku.com/ | USA, CA, UK, Europe Hireology | https://www.hireology.com | USA HomeFlicWeGrow | https://www.homeflicwegrow.com/ | India HomeValet | https://homevalet.co | USA Honeybadger | https://www.honeybadger.io/ | Worldwide Honeycomb | https://honeycomb.tv/ | Worldwide Hopper | https://www.hopper.com/ | USA, CA, UK, BG, PH, CO Hotjar | https://careers.hotjar.com/ | Worldwide Hubspot | https://www.hubspot.com/ | Worldwide Hudl | https://www.hudl.com/ | USA, UK Hugo | https://hugo.events | Worldwide Human Made | https://hmn.md | Worldwide HUSL Digital | https://husldigital.com | USA Hypergiant | https://www.hypergiant.com/contact/ | Worldwide Hyperion | https://hyperiondev.com/jobs | South Africa Hypothesis | https://hypothes.is | Worldwide I-Stem | https://www.istemai.com/ | India IBM | https://www.ibm.com | Worldwide iClinic | https://iclinic.com.br/ | Brazil IDoneThis | https://idonethis.com/ | Worldwide iFit | https://www.ifit.com/ | USA Igalia | https://www.igalia.com/ | Europe Imagine Learning | https://www.imaginelearning.com | USA Impala | https://www.getimpala.com/ | Europe Impira | https://www.impira.com/ | USA Implisense | https://implisense.com/ | Germany Incsub | https://incsub.com/ | Worldwide inDrive | https://incsub.com/ | Cyprus, Kazakhstan, Georgia Infinite Red | https://infinite.red | USA, CA InfluxData | https://influxdata.com | USA, UK, DE, IT InQuicker | https://inquicker.com | USA, CA Inshorts | https://www.inshorts.com/ | India Instamobile | https://instamobile.io | Worldwide Instructure | https://www.instructure.com/ | Europe, North America, Oceania Intellum | https://www.intellum.com | USA Intent | https://withintent.com | Europe, Africa Inter.link | https://inter.link/ | Worldwide Interactive Intelligence | https://www.inin.com/ | Worldwide Intercom | https://www.intercom.io/ | Worldwide Interpersonal Frequency I.F. | https://ifsight.com/ | Worldwide Intevity | https://www.intevity.com/ | USA Intuit Inc. | https://www.intuit.com/ | Worldwide Intuition Machines, Inc | https://www.imachines.com/ | Worldwide Invesco | https://www.invesco.com/corporate | Worldwide IOHK | https://iohk.io/ | Worldwide IOpipe | https://www.iopipe.com | USA iOS App Templates | https://www.iosapptemplates.com/ | Worldwide IPInfo | https://ipinfo.io/ | Worldwide IPS Group, Inc. | https://www.ipsgroupinc.com/ | USA IQVIA | https://jobs.iqvia.com/our-company | Worldwide iRonin | https://www.ironin.it/ | Worldwide Iterative | https://www.iterative.ai/ | Worldwide iwantmyname | https://iwantmyname.com/ | Worldwide Jackson River | https://jacksonriver.com/ | USA Jaya Tech | https://jaya.tech/ | Worldwide JBS Custom Software Solutions | https://www.jbssolutions.com/ | USA Jitbit | https://www.jitbit.com/ | Worldwide Jitera | https://iruuza-inc.com/ | Worldwide Jobsity | https://recruitment.jobsity.com/ | USA, LATAM Jolly Good Code | https://www.jollygoodcode.com | Worldwide JOOR | https://www.joor.com | Europe journy.io | https://www.journy.io | Europe Joyent | https://www.joyent.com/careers/ | USA, UK, Canada, SK, SG JupiterOne | https://www.jupiterone.com/careers/ | USA Kaggle | https://kaggle.com/ | Worldwide Karat | https://karat.com/ | Worldwide Kaufland e-commerce | https://kaufland-ecommerce.com/ | Europe UTC-1 to UTC+2 kea | https://kea.ai | North and Latin America Keen IO | https://keen.io/ | Kentik | https://www.kentik.com/careers | USA, Europe, APAC Kestra | https://kestra.io/careers | France Khan Academy | https://www.khanacademy.org/ | USA KickBack Rewards Systems | https://careers.kickbacksystems.com | USA Kindred | https://livekindred.com/ | USA, Canada, UK Kinsta | https://kinsta.com | Worldwide Kiprosh | https://kiprosh.com | USA, India Kissmetrics | https://www.kissmetrics.com/ | Worldwide Klanik | https://www.klanik.com/ | Europe, USA Klaviyo | https://www.klaviyo.com/ | USA, UK Knack | https://www.knack.com | USA Kodify | https://kodify.io | Worldwide Koding | https://koding.com | Worldwide Komoot | https://www.komoot.com | Worldwide Kona | https://www.heykona.com | Worldwide Konkurenta | https://konkurenta.com | EU Kraken | https://kraken.com | Worldwide Kuali | https://kuali.co | USA Labelbox | https://labelbox.com/ | Worldwide Lambda School | https://www.lambdaschool.com/ | USA, Europe Lambert Labs | https://lambertlabs.com/ | UK LaterPay | https://www.laterpay.net/ | Worldwide Launch Potato | https://launchpotato.com/| Worldwide Leadership Success | https://www.leadershipsuccess.co/ | Worldwide Leadfeeder | https://www.leadfeeder.com | Europe, North America LeadIQ | https://leadiq.com/ | Worldwide Let's Encrypt | https://letsencrypt.org | USA, Canada Lifen | https://www.lifen.health/ | France, Germany, UK Lifetime Value Company | https://www.ltvco.com/ | Worldwide Lightspeed | https://www.lightspeedhq.com/ | Worldwide Linaro | https://www.linaro.org/ | Worldwide Lincoln Loop| https://lincolnloop.com/ | USA LINE Plus Corporation | https://linepluscorp.com/ | Republic of Korea Link11 | https://www.link11.com/ | Germany Linux Foundation | https://www.linuxfoundation.org/ | Worldwide LionSher | https://lionsher.com/careers/ | Worldwide Litmus | https://litmus.com/ | Worldwide LivePerson | https://www.liveperson.com/company/careers | Worldwide Loadsys Web Strategies | https://www.loadsys.com | USA Localistico | https://localistico.com | Worldwide Locus Robotics | https://locusrobotics.com | Worldwide LogDNA | https://logdna.com | Worldwide LogRocket | https://logrocket.com/ | USA Lullabot | https://www.lullabot.com/ | Worldwide Luxoft | https://www.luxoft.com/ | Worldwide Lyseon Tech | https://lt.coop.br/ | Brazil Lytx | https://www.lytx.com/en-us/about-us/careers | USA madewithlove | https://madewithlove.com | UTC-5 to UTC+3 Madisoft | https://labs.madisoft.it/ | Italy MailerLite | https://www.mailerlite.com | Worldwide Manifold | https://manifold.co | UTC-9 to UTC+1 Mapbox | https://www.mapbox.com/ | Worldwide Marco Polo | https://marcopolo.me | North America MariaDB | https://www.mariadb.com/ | Worldwide Marketade | https://www.marketade.com | USA MarsBased | https://marsbased.com/ | Worldwide Massive Pixel Creation | https://massivepixel.io | Poland Maxicus | https://maxicus.com/ | India Mayven Studios | https://mayvenstudios.com/ | Worldwide Mayvue | https://mayvue.com/ | USA Meant4 | <https://meant4.com> | Worldwide Mediacurrent | https://www.mediacurrent.com/ | USA Mediavine | https://www.mediavine.com/ | USA Medium | https://medium.com/ | USA Memberful | https://memberful.com | Worldwide Memory | https://memory.ai/ | Worldwide Mercari | https://about.mercari.com/en/ | Japan Merico | https://merico.dev/ | Worldwide MeridianLink | https://meridianlink.com/ | USA MessageBird | https://messagebird.com/ | Worldwide MetaLab | https://metalab.co | Worldwide MetaMask | https://metamask.io | Worldwide MeteorOps | https://meteorops.com | Worldwide Microsoft | https://www.microsoft.com/ | Worldwide Mindful | https://getmindful.com/ | Worldwide Mixcloud| https://www.mixcloud.com/ | Europe Mixmax | https://mixmax.com | Worldwide MixRank | https://mixrank.com | Worldwide Mobile Jazz | https://mobilejazz.com | Worldwide Modern Health | https://www.modernhealth.com/ | USA Modern Tribe | https://tri.be/ | Worldwide Modsquad | https://modsquad.com/ | Worldwide Molteo | https://molteo.com/ | Worldwide MongoDB | https://mongodb.com | Worldwide Monthly | https://monthly.com | North America Mozilla | https://www.mozilla.org/ | North America mtc. | https://www.mtcmedia.co.uk | UK, Europe Muck Rack | https://muckrack.com | Worldwide Mux | https://mux.com | Worldwide MVPMule | https://mvpmule.com | Worldwide Mycelium | https://mycelium.ventures/ | North America, Europe, Oceania MySQL | https://www.mysql.com/ | Worldwide Nagarro | https://www.nagarro.com/en | Worldwide Namecheap | https://www.namecheap.com | Worldwide Nationwide | https://www.nationwide.com/ | USA Nearform | https://www.nearform.com | Worldwide Nerdwallet | https://www.nerdwallet.com | USA, England NetApp | https://www.netapp.com/ | Worldwide Netguru | https://www.netguru.com | Worldwide Netris | https://www.netris.io | Worldwide Netsparker | https://www.netsparker.com/ | Worldwide Nettl Edinburgh | https://www.webdesignedinburgh.com | UK, Europe New Context | https://www.newcontext.com/ | USA NEXT | https://www.nexttrucking.com/ | USA No Code No Problem | https://www.nocodenoprob.com/ | Worldwide NodeSource | https://nodesource.com/ | Worldwide NoRedInk | https://noredink.com | UTC-8 to UTC+1 Novoda | https://www.novoda.com/ | UK, Europe npm | https://www.npmjs.com/ | USA Nuage | https://nuagebiz.tech/ | India Nuharbor Security | https://nuharborsecurity.com/ | USA Nuna | https://www.nuna.com/ | USA Nvidia | https://www.nvidia.com/ | Worldwide O'Reilly Media | https://www.oreilly.com/ | USA, UK, JPN, CHN O'Reilly Online Learning | https://www.oreilly.com/ | Worldwide Ocient | https://ocient.com | USA, Europe, India Octopus Deploy | https://octopus.com/ | Worldwide Oddball | https://oddball.io/ | USA Okta | https://www.okta.com | Worldwide Olark | https://www.olark.com/ | UTC-8 to UTC+1 Olist | https://olist.com/ | Brazil Ollie | https://www.myollie.com | USA Ollie Order | https://ollieorder.com/ | Canada Olo | https://www.olo.com/ | USA OmbuLabs | https://www.ombulabs.com/ | Worldwide OmniTI | https://omniti.com/ | USA Onna | https://onna.com/ | USA, Europe OnTheGoSystems | https://onthegosystems.com/ | Worldwide Opencity Labs | https://opencitylabs.it/ | Italy OpenCraft | https://opencraft.com/ | Worldwide OpenZeppelin | https://openzeppelin.com/ | Worldwide Optoro | https://www.optoro.com/ | Worldwide Oracle | https://www.oracle.com/ | Worldwide Ordermentum | https://www.ordermentum.com/ | Australia Our-Hometown Inc. | https://our-hometown.com/ | USA OutsourcingDev | https://www.outsourcingdev.com/ | Worldwide Over | https://www.madewithover.com/ | Worldwide Packlink | https://www.packlink.com/ | UTC+2 Pagepro | https://pagepro.co | UK, PL, Europe PagerDuty | https://pagerduty.com | USA Paktor | https://www.gopaktor.com/ | Worldwide Palantir.net | https://www.palantir.net/ | USA Panther Labs | https://runpanther.io/ | USA, Greece Parabol | https://www.parabol.co/ | Worldwide Parexel| https://www.parexel.com | Worldwide Park Assist | https://tech.parkassist.com | UTC-8 to UTC+2 Parsely | https://www.parse.ly/ | Worldwide Particular Software | https://particular.net | Worldwide Pathable | https://pathable.com/ | Worldwide Payfully | https://www.payfully.co | Worldwide Paylocity | https://www.paylocity.com/ | USA PayPay Corporation | https://about.paypay.ne.jp/career/en/ | Japan PayScale | https://www.payscale.com/ | USA Paytm Labs | https://paytmlabs.com/ | Canada, USA PayU | https://corporate.payu.com | Worldwide Peachworks | https://www.getbeyond.com/peachworks-restaurant-management-software/ | USA Peakforce | https://www.peakforce.dev | PL, Europe Percona | https://www.percona.com | Worldwide Pex | https://pex.com | Worldwide Picpay | https://picpay.com | Brazil Pindrop | https://www.pindrop.com/ | US Plai | https://plai.team | Europe, North America Platform Builders | https://platformbuilders.io/ | Worldwide Platform.sh | https://platform.sh/ | Worldwide Pleo | https://www.pleo.io/ | East American / European / African timezones Plex | https://plex.tv | Worldwide PNC Financial Services | https://www.pnc.com/ | USA Polygon | https://polygon.technology/careers/all-roles | Worldwide Positiwise | https://positiwise.com | India, USA PowerSchool | https://www.powerschool.com/ | North America / India Pragma | https://www.pragma.co/ | Latin America Precision Nutrition | https://www.precisionnutrition.com/ | Worldwide Predict Mobile | https://predictmobile.com/ | UK Prelude | https://www.prelude.co/ | USA PreviousNext | https://www.previousnext.com.au/ | Australia Prezi | https://prezi.com/jobs/ | Europe, North America Prezly | https://www.prezly.com/ | Worldwide PricewaterhouseCoopers | https://www.pwc.com | USA Primer | https://primer.io/careers | Worldwide Primotly | https://primotly.com | Worldwide Prisma | https://www.prisma.io/ | Worldwide PrivacyCloud | https://www.privacycloud.com/en | Spain Procenge Tecnologia | https://www.procenge.com.br | Brazil Procurify | https://procurify.com/careers | Canada Progress Engine | https://www.progress-engine.com/en | Worldwide Prominent Edge | https://prominentedge.com/careers | Worldwide Puppet | https://puppet.com/ | Worldwide Qatium | https://qatium.com/ | Spain Quaderno | https://quaderno.io/ | Europe Quantify | https://quantifyhq.com | Worldwide QuestDB | https://questdb.io | Worldwide QuickTrials | https://quicktrials.com | Worldwide Quora | https://www.quora.com | Worldwide Rackspace | https://rackspace.com/ | Worldwide Raft | https://goraft.tech | USA Railscarma | https://www.railscarma.com | USA, India Rainforest QA | https://www.rainforestqa.com/jobs/ | Worldwide Rakuten Travel Xchange | https://solutions.travel.rakuten.com | Worldwide Ramp | https://www.ramp.com/ | Worldwide Reaction Commerce | https://reactioncommerce.com/careers/ | Worldwide ReactiveOps, Inc. | https://www.reactiveops.com | USA RealtimeCRM | https://realtimecrm.co.uk/ | Worldwide RebelMouse | https://www.rebelmouse.com/ | Worldwide Reboot Studio | https://www.reboot.studio/ | Worldwide ReCharge | https://rechargepayments.com/ | Worldwide Rechat | https://rechat.com/ | Worldwide Recurly | https://recurly.com/ | USA Red Hat | https://www.redhat.com | Worldwide Reddit | https://www.redditinc.com | USA Redlio Designs | https://redliodesigns.com | Worldwide RedMonk | https://redmonk.com | Worldwide Redox | https://www.redoxengine.com/ | USA Reducer | https://reducer.co.uk | UK reinteractive | https://reinteractive.com/careers | Worldwide Remote Garage | http://www.remotegarage.club/ | India RemoteBase | https://remotebase.com | Worldwide RemoteMore | https://remotemore.com | WorldWide Renaissance | https://www.renaissance.com/ | United States Rendr Software Group | https://www.rendrhq.com/ | USA, UK, Italy RenoFi | https://renofi.com/ | Worldwide Replit | https://replit.com | Worldwide Research Square | https://www.researchsquare.com/ | USA Revolgy | https://www.revolgy.com/ | Europe, the Middle East, Africa Revolut | https://www.revolut.com/ | Worldwide Roadpass Digital | https://roadpass.com | USA Roadtrippers | https://www.roadtrippers.com | USA Rocket.Chat | https://rocket.chat | Worldwide Roundproxies | https://roundproxies.com/ | Worldwide rtCamp | https://rtcamp.com | Worldwide SadaPay | https://sadapay.pk/ | Pakistan Safeguard Global | https://www.safeguardglobal.com/ | Worldwide Salesforce | https://www.salesforce.com/ | Worldwide Sandhills Development | https://sandhillsdev.com | Worldwide Sardine.ai | https://sardine.ai | Worldwide Scalac | https://scalac.io/ | Worldwide Scaloy | https://scaloy.com/ | Worldwide Scandit | https://scandit.com | Worldwide Schnell Solutions Limited| https://www.bespokesoftwaredevelopment.com | United Kingdom Scopic Software | https://scopicsoftware.com/ | Worldwide ScrapingBee | https://www.scrapingbee.com/ | Worldwide Scrapinghub | https://scrapinghub.com/ | Worldwide ScyllaDB | https://scylladb.com/ | Worldwide Seaplane | https://www.seaplane.io/ | Worldwide SearchApi | https://www.searchapi.io/ | Worldwide SeatGeek | https://seatgeek.com/ | UK, USA, Israel, Denmark, Germany SecurityScorecard | https://securityscorecard.com/ | UTC -3 to -5 Seeq | https://www.seeq.com | USA, Worldwide Semaphore | https://semaphoreci.com | Europe Sendwave | https://www.sendwave.com/ | Worldwide SerpApi | https://serpapi.com/ | Worldwide Server Density | https://www.serverdensity.com | Europe ServMask | https://servmask.com | Worldwide Session | https://getsession.com | Worldwide Shareup | https://shareup.app | Europe Shattered Silicon | https://shatteredsilicon.net/ | Worldwide Shippabo | https://shippabo.com | North America Shogun | https://getshogun.com | Worldwide Shopify | https://www.shopify.com | Worldwide Sigma Defense | https://sigmadefense.com | USA SignEasy | https://signeasy.com/ | Worldwide Silverfin | https://www.silverfin.com/ | Worldwide simplabs | https://simplabs.com/ | Europe, Americas SimpleTexting | https://simpletexting.com/ | Worldwide Six to Start | https://sixtostart.com | Worldwide Sketch | https://www.sketch.com/ | Europe and North America Skillcrush | https://skillcrush.com | Worldwide Skillshare | https://www.skillshare.com/teach | Worldwide Skyrocket Ventures | https://www.skyrocketventures.com/ | Worldwide SmartCash | https://www.smartcash.cc/ | Worldwide Smile.io | https://smile.io | Worldwide Smmile Digital | https://smmile.com | Singapore SmugMug | https://www.smugmug.com/ | Worldwide Socket Supply Co. | https://socketsupply.co | Worldwide SoftwareMill | https://softwaremill.com/ | Europe Sommo | https://www.sommo.io/ | Worldwide Sonatype | https://www.sonatype.com | Worldwide Soostone | https://www.soostone.com/ | USA Soshace | https://www.soshace.com/ | Worldwide Spoqa | https://spoqa.co.kr/ | Republic of Korea, Japan Spotify | https://www.spotify.com/ | Worldwide Spreaker | https://spreaker.com/ | USA, Europe Spreedly | https://spreedly.com/ | USA Spruce | https://getspruce.com/ | North America, Latin America Stack Exchange | https://stackexchange.com/ | Worldwide Stairlin | https://www.stairlin.com/ | Worldwide Status | https://www.status.im/ | Worldwide Stencil | https://getstencil.com/ | USA, Canada Sticker Mule | https://www.stickermule.com/ | Worldwide Stitch Fix | https://www.stitchfix.com | USA StoneCo | https://www.stone.co/ | Brazil StormX | https://stormx.io/ | Worldwide Strapi | https://strapi.io/careers | Worldwide StreamNative | https://streamnative.io/careers/ | Worldwide Stripe | https://stripe.com/ | Worldwide StudySoup | https://studysoup.com/ | Worldwide Superplayer & Co | https://superplayer.company/ | Brazil, Latin America Surevine | https://www.surevine.com/ | UK SUSE | https://www.suse.com/ | Worldwide Sutherland CloudSource | https://www.sutherlandcloudsource.com | Worldwide Svix | https://www.svix.com/ | USA, Europe SweetRush | https://www.sweetrush.com | Worldwide Swiggy | https://www.swiggy.com | India Swimlane | https://www.swimlane.com | USA Syde | https://syde.com/ | Worldwide Sysdig️ | https://sysdig.com/ | USA Tag1 Consulting | https://tag1consulting.com/ | Worldwide Taledo | https://taledo.com/ | Europe Taplytics | https://taplytics.com/ | USA, Canada Taskade | https://taskade.com/ | Worldwide TatvaSoft | https://www.tatvasoft.com/ | Worldwide TaxJar | https://www.taxjar.com | USA Teamflow | https://www.teamflowhq.com/ | Worldwide TeamSnap | https://www.teamsnap.com | USA TeamUltra | https://www.computacenter.com/ | UK TED | https://www.ted.com/ | USA, CA, Brazil Teleport | https://teleport.org/ | USA< Europe Telerik | https://www.telerik.com/ | Worldwide Telestax | https://telestax.com/ | Worldwide Tenable | https://www.tenable.com/ | Worldwide, Primarily USA Teravision Technologies | https://teravisiontech.com/ | Latin America Test Double | https://testdouble.com/ | North America TestGorilla | https://www.testgorilla.com/ | Worldwide The Crafters Lab | https://thecrafterslab.eu/ | Worldwide The Home Depot | https://careers.homedepot.com/career-areas/technology/ | USA The Planet Group | https://theplanetgroup.com/ | Worldwide The Publisher Desk | https://www.publisherdesk.com | UK, USA The Scale Factory | https://www.scalefactory.com/ | UK The Wirecutter | https://thewirecutter.com/ | Worldwide TheoremOne | https://theoremone.co/ | UTC-10 to UTC+2 Thinkful | https://www.thinkful.com/ | WorldWide Third Iron | https://thirdiron.com/ | USA Thorn | https://thorn.org/ | USA Three Movers | https://threemovers.com | Worldwide Thrive Market | https://thrivemarket.com/ | USA Tide | https://www.tide.co/ | UK, Europe, India TimeSpot | https://timespothq.com/ | Worldwide Tipe | https://tipe.io | USA Toast | https://pos.toasttab.com/ | USA, Ireland toggl | https://toggl.com/ | Worldwide Toptal | https://www.toptal.com/ | Worldwide Tower | https://www.git-tower.com/ | Worldwide Tractionboard ️ | https://tractionboard.io/ | USA Transfeera | https://transfeera.com/ | Brazil Transition Technologies - Advanced Solutions | http://www.tt.com.pl/ | Poland Transloadit | https://transloadit.com/ | Worldwide Travis | https://travistravis.co | Worldwide Travis CI | https://travis-ci.org/ | Worldwide Treehouse | https://teamtreehouse.com/ | USA Treez | https://treez.io/ | USA, India Trello | https://trello.com/ | Asia, Europe, North America, Oceania Truelogic | https://www.truelogicsoftware.com/ | Latin America TrussWorks | https://truss.works | USA Tuft & Needle | https://www.tuftandneedle.com/ | USA Turing | https://www.turing.com/ | Worldwide Twilio | https://www.twilio.com/ | Worldwide Two | https://www.two.ai/ | USA, India, Korea Udacity | https://www.udacity.com/ | Worldwide Uhuru | https://uhurunetwork.com/ | Worldwide Uncapped | https://weareuncapped.com/ | Europe, USA upcell | https://www.upcell.io/ | USA Upwork Pro | https://www.upwork.com | North America Upworthy | https://www.upworthy.com/ | Worldwide, Time Zone: PST, PDT USAA | https://usaa.com | USA Ushahidi | https://www.ushahidi.com | Worldwide uShip | https://www.uship.com | USA v0 report | https://www.v0.report | Worldwide Valimail | https://www.valimail.com/ | USA Varnish Software | https://www.varnish-software.com/about-us | Worldwide vast limits | https://vastlimits.com/ | Germany Veeva Systems | https://www.veeva.com/ | Worldwide Vercel | https://vercel.com/ | Worldwide Veryfi | https://veryfi.com/about | Worldwide Viperdev | https://viperdev.io | Worldwide Virta Health | https://www.virtahealth.com | USA Vivo | https://www.vivo.com.br/para-voce | Brazil VMware | https://www.vmware.com/in.html | Worldwide voiio | https://voiio.de | Europe Vox Media Product Team | https://www.voxmedia.com/ | USA, UK Voxy | https://jobs.lever.co/voxy | Brazil, USA VSHN | https://vshn.ch/jobs | Switzerland WalletHub | https://wallethub.com/jobs/ | USA WebDevStudios | https://webdevstudios.com/ | USA WebFX | https://www.webfx.com | Worldwide Webikon | https://www.webikon.sk/en/ | Worldwide Webrunners | https://www.webrunners.de/en/ | Europe WebScrapingHQ | https://www.webscrapinghq.com | India Wells Fargo | https://www.wellsfargo.com/ | USA wemake.services | https://wemake.services/ | Worldwide WeMakeMVP | https://www.wemakemvp.com/ | Worldwide Whitecap SEO | https://www.whitecapseo.com/ | USA Whitespectre | https://whitespectre.com | Worldwide WikiHow | https://www.wikihow.com/wikiHow:About-wikiHow | PST Timezone Wikimedia Foundation | https://wikimediafoundation.org | Worldwide Wildbit | https://wildbit.com/ | Worldwide Willings,Inc | https://willings.co.jp/en/ | Japan Wingify | https://wingify.com/ | India Wipro | https://www.wipro.com/ | India WireFuture | https://wirefuture.com/ | India, USA Wizeline | https://www.wizeline.com/ | Worldwide Wolfram | https://www.wolfram.com | Worldwide Wolverine Trading | https://www.wolve.com/ | USA, UK Wombat Security Technologies | https://www.wombatsecurity.com/ | USA WP-Media | https://wp-media.me/ | Worldwide Wyeworks | https://www.wyeworks.com/ | North America, Latin America X-Team | https://x-team.com/ | Worldwide Xapo | https://xapo.com/ | Worldwide XP Inc | https://www.xpi.com.br/ | Brazil XWP | https://xwp.co/ | Worldwide Yahoo! | https://www.yahooinc.com/ | Worldwide Yandex | https://yandex.com/ | Worldwide YAZIO | https://www.yazio.com/en/jobs | Europe Yodo1 | https://www.yodo1.com/en/ | Worldwide Yonder | https://www.yonder.io | Worldwide You are launched | https://www.urlaunched.com | Ukraine, Poland You Need A Budget | https://www.youneedabudget.com/ | Worldwide YouCanBook.me Ltd | https://youcanbook.me | Worldwide ZAMP | https://zamp.com.br/ | Brazil Zaneffi | https://zaneffi.com/ | Worldwide Zapier | https://zapier.com/ | Worldwide Zeit.io | https://zeit.io/ | Germany, The Netherlands, Spain, Chile Zemoso | https://www.zemosolabs.com/ | USA, Canada, India ZenRows | https://www.zenrows.com/ | Worldwide Zignaly.com | https://zignaly.io/ | Worldwide Zip.co | https://zip.co/us/ | USA, Canada Zolar | https://www.zolar.de/ | Germany ZooTools | https://zootools.co/ | Worldwide Zup | https://zup.com.br/ | Brazil